Name,Art,English,Maths,Average,Grade
Darren,90,89,84,87.66666666666667,A
Zac,77,87,89,84.33333333333333,B
Julia,68,79,59,68.66666666666667,C
John,45,55,51,50.333333333333336,D
